filename,fft_anomaly_score,high_freq_energy,mid_freq_ratio,dct_score,phase_anomaly_score,dwt_score,anomaly_score,valid,error
01x5mmqg2sxy6yv2x4_0.jpg,0.3174629211425781,0.6461096405982971,0.776491641998291,0.1772937923669815,0.7661007046699524,0.13837207223290743,0.3363300258722197,True,
01x5mmqg2sxy6yv2x4_1.jpg,0.3648035526275635,0.6467369794845581,0.7873561382293701,0.3725348711013794,0.7817246913909912,0.09844997354016256,0.3968498941812228,True,
01x5mmqg2sxy6yv2x4_4.jpg,0.40261784195899963,0.648681640625,0.7926400899887085,0.6004781126976013,0.8199783563613892,0.0,0.4550314441323281,True,
01x5mmqg2sxy6yv2x4_5.jpg,0.503425657749176,0.6788866519927979,0.7959195375442505,0.0,0.7830814719200134,0.10991502719578533,0.35479828003537134,True,
02cgoah11bes1d6555_2.jpg,0.3354545533657074,0.6667023301124573,0.7737863063812256,0.20626220107078552,0.6489453315734863,0.09444015035589196,0.3176517403315696,True,
02cgoah11bes1d6555_3.jpg,0.4127504229545593,0.6666719913482666,0.7814765572547913,0.780116856098175,0.7448840737342834,0.057647674392574504,0.4999982116840111,True,
02cgoah11bes1d6555_4.jpg,0.5628345608711243,0.6884057521820068,0.8072159886360168,1.0,0.6663402915000916,0.0037608607149653833,0.5810123267479048,True,
02cgoah11bes1d6555_5.jpg,0.404377281665802,0.6681708693504333,0.7953531742095947,0.7694019675254822,0.5758381485939026,0.03170485862944947,0.45539114190907165,True,
03xuiwk051124zmgbn_0.jpg,0.3448421359062195,0.6447849869728088,0.7687074542045593,0.04646904766559601,0.8339645862579346,0.09842405413395475,0.3187897375619537,True,
03xuiwk051124zmgbn_1.jpg,0.3370046019554138,0.643541693687439,0.7637999653816223,0.06897532194852829,0.8354778289794922,0.09662335141687836,0.3216156772508011,True,
03xuiwk051124zmgbn_2.jpg,0.3316466212272644,0.6423543691635132,0.7615411877632141,0.21556852757930756,0.8164201974868774,0.12990880550910844,0.3592342499235667,True,
03xuiwk051124zmgbn_3.jpg,0.3657650351524353,0.6443824768066406,0.7709954380989075,0.10622593015432358,0.8253978490829468,0.11095497067714406,0.3418448087939514,True,
03xuiwk051124zmgbn_4.jpg,0.3458232283592224,0.6522719860076904,0.7708888649940491,0.2916393280029297,0.8042113780975342,0.0,0.35479023754596706,True,
03xuiwk051124zmgbn_5.jpg,0.36213451623916626,0.656999945640564,0.7714607119560242,0.41301098465919495,0.8141756653785706,0.0417940256604685,0.4011937650563147,True,
05nd62ciqe85hh8z6w_0.jpg,0.3937034010887146,0.7114810347557068,0.7954322695732117,0.17989298701286316,0.6551671028137207,0.10060435010069613,0.33392372771714923,True,
05nd62ciqe85hh8z6w_1.jpg,0.3992837071418762,0.7145981788635254,0.7983676195144653,0.2574360966682434,0.6526026725769043,0.09516514661313438,0.3536618855047252,True,
05nd62ciqe85hh8z6w_2.jpg,0.3922731280326843,0.7118672728538513,0.7970672249794006,0.5873143672943115,0.6493531465530396,0.10580384679833899,0.4351555853052931,True,
05nd62ciqe85hh8z6w_3.jpg,0.37516313791275024,0.7090138792991638,0.7981578707695007,0.4313139319419861,0.6529247164726257,0.09595603949209863,0.38891173244790395,True,
05nd62ciqe85hh8z6w_4.jpg,0.4103574752807617,0.7090122699737549,0.8002229332923889,0.37199506163597107,0.6431073546409607,0.09540859188933232,0.384327071063318,True,
05nd62ciqe85hh8z6w_5.jpg,0.40380746126174927,0.71379554271698,0.7973271608352661,0.13926608860492706,0.6677013039588928,0.10022494850868015,0.32973438408635863,True,
079i8grdxk6e5ltyak_1.jpg,0.54209965467453,0.6986058950424194,0.8102661371231079,0.42190709710121155,0.6216323971748352,0.12348218258871249,0.44423456936409794,True,
079i8grdxk6e5ltyak_2.jpg,0.5628393292427063,0.6988620162010193,0.8130191564559937,0.6397157311439514,0.6114916205406189,0.11852193966238665,0.5029254100615361,True,
079i8grdxk6e5ltyak_5.jpg,0.5622003674507141,0.6994633674621582,0.8106958270072937,0.59525066614151,0.6218110918998718,0.10918523860760096,0.4917820612446219,True,
0akumdgun2rpmx4z1l_0.jpg,0.3151475787162781,0.6860541701316833,0.7770261168479919,0.6142175197601318,0.5442800521850586,0.010726398890903183,0.37485732270592265,True,
0akumdgun2rpmx4z1l_1.jpg,0.1932637095451355,0.662212610244751,0.7673727869987488,0.20393094420433044,0.5648717284202576,0.0,0.23159938007593156,True,
0akumdgun2rpmx4z1l_2.jpg,0.2269820272922516,0.6683851480484009,0.773162305355072,0.28538697957992554,0.5741886496543884,0.0,0.2656281843781471,True,
0akumdgun2rpmx4z1l_3.jpg,0.20801393687725067,0.6667782068252563,0.7706252932548523,0.2673783004283905,0.5323856472969055,0.005089024016958557,0.24714438727690813,True,
0akumdgun2rpmx4z1l_4.jpg,0.2180090695619583,0.6687613725662231,0.7702104449272156,0.3754391074180603,0.5299775004386902,0.0,0.2761584512889385,True,
0akumdgun2rpmx4z1l_5.jpg,0.31939947605133057,0.6961826086044312,0.7909654974937439,0.6453907489776611,0.5843096971511841,0.054680720946054154,0.40093558748182867,True,
0apauiwt5nd0id0qx2_0.jpg,0.3233509361743927,0.6354113817214966,0.7748788595199585,0.18686480820178986,0.7431923747062683,0.1552009931588162,0.3395677032845018,True,
0apauiwt5nd0id0qx2_1.jpg,0.3909911811351776,0.6521847248077393,0.7800842523574829,0.18121963739395142,0.8195345997810364,0.15324140530194813,0.37670702376239695,True,
0apauiwt5nd0id0qx2_2.jpg,0.35200363397598267,0.6391151547431946,0.7782675623893738,0.2208581566810608,0.778895914554596,0.15722159017740664,0.3656393120082596,True,
0apauiwt5nd0id0qx2_3.jpg,0.3466866910457611,0.6327826976776123,0.777619481086731,0.36526408791542053,0.8144380450248718,0.16938102292980484,0.40942017743580683,True,
0apauiwt5nd0id0qx2_4.jpg,0.3271709084510803,0.637954592704773,0.7675270438194275,0.3964243531227112,0.7678393721580505,0.14802030512550857,0.39678784169526776,True,
0apauiwt5nd0id0qx2_5.jpg,0.3567717373371124,0.6531161665916443,0.7848119735717773,0.09657154977321625,0.7193762063980103,0.13409475963030543,0.3197071887169566,True,
0ato01hvgmeb48qin0_1.jpg,0.3269765377044678,0.665678083896637,0.7577086091041565,0.08557499200105667,0.5475817918777466,0.10929309503419045,0.26721051357921527,True,
0ato01hvgmeb48qin0_2.jpg,0.34642982482910156,0.67372727394104,0.7666218876838684,0.19630281627178192,0.5383293032646179,0.12643320103730615,0.30327864361851586,True,
0ato01hvgmeb48qin0_3.jpg,0.321528822183609,0.6675217151641846,0.7597809433937073,0.14924615621566772,0.5613567233085632,0.09848466818445727,0.28181490511678414,True,
0ato01hvgmeb48qin0_4.jpg,0.3323030471801758,0.6646378040313721,0.7613499164581299,0.05611548200249672,0.5696619749069214,0.11228970165893938,0.2667252723268579,True,
0ato01hvgmeb48qin0_5.jpg,0.3401208519935608,0.670278787612915,0.7627081871032715,0.12778595089912415,0.562642514705658,0.12094459780005927,0.28770620842367073,True,
0bapyddr3as5ycgusk_0.jpg,0.3313907980918884,0.649668276309967,0.7597783803939819,0.9486930966377258,0.6551803350448608,0.0,0.4841961205005646,True,
0cmyf61owyye0m2phx_0.jpg,0.3738332688808441,0.6893138885498047,0.7852482199668884,1.0,0.5788623094558716,0.0,0.49661410599946976,True,
0cmyf61owyye0m2phx_1.jpg,0.3453766703605652,0.6767814755439758,0.7757992744445801,0.47366783022880554,0.5425078868865967,0.0,0.3478003695607185,True,
0cmyf61owyye0m2phx_2.jpg,0.3656616806983948,0.6883912086486816,0.786472499370575,1.0,0.5854387283325195,0.0,0.4950693339109421,True,
0cmyf61owyye0m2phx_3.jpg,0.3569435477256775,0.6867021322250366,0.7870321273803711,0.7673040628433228,0.5905978679656982,0.0,0.43487583100795746,True,
0cmyf61owyye0m2phx_4.jpg,0.34759917855262756,0.6815685033798218,0.7856877446174622,1.0,0.5827302932739258,0.0,0.48820577114820485,True,
0cmyf61owyye0m2phx_5.jpg,0.4213957190513611,0.6851376891136169,0.7756901383399963,0.9495394825935364,0.6836569905281067,0.0,0.5216047704219817,True,
0crce5soni30mrvq7t_0.jpg,0.44354748725891113,0.677213191986084,0.7839744687080383,0.27568477392196655,0.5947628617286682,0.10784654932894763,0.36468469623263366,True,
0crce5soni30mrvq7t_1.jpg,0.39541929960250854,0.6684747934341431,0.7723844647407532,0.4488433301448822,0.5498725175857544,0.06853791940008383,0.37428967479426617,True,
0crce5soni30mrvq7t_2.jpg,0.4587579667568207,0.6780940294265747,0.7861774563789368,0.28232207894325256,0.5909243822097778,0.09908156515810267,0.36914699757427644,True,
0crce5soni30mrvq7t_3.jpg,0.41949471831321716,0.6768544912338257,0.7754929065704346,0.29908278584480286,0.6180430054664612,0.09558497654618126,0.3643194442733552,True,
0crce5soni30mrvq7t_4.jpg,0.4091205596923828,0.6607213616371155,0.7675451040267944,0.49516624212265015,0.657201886177063,0.17109817658759724,0.43264376897592854,True,
0crce5soni30mrvq7t_5.jpg,0.46242737770080566,0.6794502139091492,0.784165620803833,0.4009215831756592,0.5921033620834351,0.09788073779337486,0.4000767979645588,True,
0diuuuywatx5searpe_0.jpg,0.3565964698791504,0.6489619612693787,0.7583155035972595,0.38103923201560974,0.6726229786872864,0.11342876492704103,0.37727892118447054,True,
0diuuuywatx5searpe_1.jpg,0.38464343547821045,0.6548349857330322,0.7652953267097473,0.27900755405426025,0.6579170227050781,0.11728926819891222,0.35941834911173676,True,
0diuuuywatx5searpe_2.jpg,0.330802321434021,0.6487182378768921,0.7583864331245422,0.11643634736537933,0.6554465889930725,0.06913940196108267,0.28980709753408324,True,
0diuuuywatx5searpe_3.jpg,0.3532852530479431,0.6471814513206482,0.759867787361145,0.4363590180873871,0.6543862223625183,0.12456633102761515,0.38853010376665353,True,
0diuuuywatx5searpe_4.jpg,0.36793744564056396,0.6486217379570007,0.7590742111206055,0.45413103699684143,0.6491084098815918,0.059929725369413864,0.3841184922736089,True,
0diuuuywatx5searpe_5.jpg,0.49232158064842224,0.6942885518074036,0.7746221423149109,0.6084592938423157,0.603750467300415,0.02791366402743342,0.4507602029530964,True,
0e1wuqhpm9w1wciqv0_0.jpg,0.4704475998878479,0.6830534934997559,0.7864084839820862,0.6836722493171692,0.6275388598442078,0.04301629973806557,0.4696857542064937,True,
0e1wuqhpm9w1wciqv0_1.jpg,0.4716370701789856,0.679811954498291,0.7836481332778931,0.9131737351417542,0.5831363201141357,0.07528500288958456,0.5250506729488276,True,
0e1wuqhpm9w1wciqv0_2.jpg,0.49913135170936584,0.6900086998939514,0.7907958626747131,1.0,0.5763237476348877,0.056921371506301874,0.5513449969265158,True,
0e1wuqhpm9w1wciqv0_3.jpg,0.45470285415649414,0.6816532611846924,0.7823262810707092,1.0,0.606890857219696,0.0545619298323108,0.5414365563651743,True,
0e1wuqhpm9w1wciqv0_4.jpg,0.4849201738834381,0.688569188117981,0.7870569825172424,1.0,0.6272339820861816,0.060209652289267133,0.5572107877342931,True,
0e1wuqhpm9w1wciqv0_5.jpg,0.47157126665115356,0.6904023885726929,0.785658597946167,1.0,0.6064576506614685,0.018862478115848486,0.5401139690833672,True,
0e5115kx5qkbptpvr6_0.jpg,0.36846810579299927,0.6478111147880554,0.7732766270637512,0.018965011462569237,0.7266439199447632,0.2199516101749745,0.3230241959171396,True,
0e5115kx5qkbptpvr6_1.jpg,0.4825561046600342,0.655531108379364,0.7901220321655273,0.0619436539709568,0.8301276564598083,0.23570670627304263,0.3975474226703214,True,
0e5115kx5qkbptpvr6_2.jpg,0.3810272216796875,0.6509441137313843,0.7721781134605408,0.10583372414112091,0.8389438390731812,0.21818669961202536,0.3712440663602122,True,
0e5115kx5qkbptpvr6_3.jpg,0.36521023511886597,0.6489808559417725,0.7710983157157898,0.09019101411104202,0.7283236980438232,0.21460948383862735,0.3389579721958537,True,
0e5115kx5qkbptpvr6_4.jpg,0.40014058351516724,0.6554676294326782,0.7705281972885132,0.3845517039299011,0.7530577778816223,0.19398921650178996,0.42559652908946627,True,
0e5115kx5qkbptpvr6_5.jpg,0.37700363993644714,0.6391255855560303,0.7725502252578735,0.0,0.7473466992378235,0.20126801903848757,0.32167421763301873,True,
0ftsc0udlkyfp3n109_0.jpg,0.3069215714931488,0.6602104902267456,0.7709387540817261,0.3666881322860718,0.6511117815971375,0.1049191112635982,0.3503007616662672,True,
0ftsc0udlkyfp3n109_1.jpg,0.32085514068603516,0.6570619344711304,0.7749156355857849,0.6080710887908936,0.6123303174972534,0.09519358803507291,0.4058218525443009,True,
0ftsc0udlkyfp3n109_2.jpg,0.31116783618927,0.6607480049133301,0.7719079256057739,0.2821747362613678,0.6645369529724121,0.1012143136797282,0.33260268006201454,True,
0ftsc0udlkyfp3n109_3.jpg,0.3123346269130707,0.6612319946289062,0.7714511156082153,0.3750828504562378,0.6649701595306396,0.10908545355613498,0.35789895465098914,True,
0ftsc0udlkyfp3n109_4.jpg,0.28019705414772034,0.6508053541183472,0.7650099396705627,0.3328683078289032,0.5899715423583984,0.11993829635242652,0.3232680136510929,True,
0ftsc0udlkyfp3n109_5.jpg,0.3153055012226105,0.6637090444564819,0.7709696292877197,0.0,0.6680011749267578,0.07485076038548068,0.2589273124903613,True,
0ftycj2b298gah0ex0_0.jpg,0.4099324345588684,0.6559189558029175,0.7716315984725952,1.0,0.7504560351371765,0.13042711297483667,0.5696529817180066,True,
0ftycj2b298gah0ex0_1.jpg,0.4286046028137207,0.6609845757484436,0.7750195264816284,0.5919760465621948,0.845058023929596,0.1424347667390402,0.49550418075907815,True,
0ftycj2b298gah0ex0_2.jpg,0.30198124051094055,0.6316431164741516,0.7574462294578552,0.15856289863586426,0.8439508676528931,0.15130579310683728,0.34438549098974136,True,
0ftycj2b298gah0ex0_3.jpg,0.40651941299438477,0.6468802690505981,0.7674705982208252,0.8829550743103027,0.8062602877616882,0.1395104578618801,0.552174712250324,True,
0ftycj2b298gah0ex0_4.jpg,0.35820451378822327,0.6374216675758362,0.7538424134254456,0.06547564268112183,0.7948405742645264,0.16260434837650362,0.33322947502436456,True,
0ftycj2b298gah0ex0_5.jpg,0.4662591516971588,0.6735493540763855,0.7940521240234375,1.0,0.644074559211731,0.11136017286205942,0.5642776495087637,True,
0gp8ljjy73muhxs06v_1.jpg,0.42937564849853516,0.6775791049003601,0.7749210000038147,0.5364115238189697,0.7086913585662842,0.18560465091661063,0.4632435598258087,True,
0gp8ljjy73muhxs06v_2.jpg,0.4962615370750427,0.6798321008682251,0.7784645557403564,0.3994077146053314,0.7036389708518982,0.22268432989945752,0.45880812677786886,True,
0gp8ljjy73muhxs06v_4.jpg,0.34610897302627563,0.6621308326721191,0.7672164440155029,0.25565922260284424,0.6877973079681396,0.14678546785008925,0.3519695013735534,True,
0gp8ljjy73muhxs06v_5.jpg,0.23111245036125183,0.6326137185096741,0.761135458946228,0.07073824107646942,0.6359749436378479,0.03203074704357381,0.23217505603183985,True,
0hi6yjg3vu5l0em2t2_2.jpg,0.4288329482078552,0.6667851805686951,0.7778531312942505,1.0,0.6137789487838745,0.03898924420997949,0.53064517047152,True,
0hvf7s67453i8zu8gi_0.jpg,0.28111758828163147,0.6697701215744019,0.7790729403495789,0.6950731873512268,0.7563506960868835,0.0,0.4234295919537544,True,
0hvf7s67453i8zu8gi_1.jpg,0.32362812757492065,0.6731829047203064,0.7748705148696899,0.18450070917606354,0.7803342938423157,0.0,0.3154618807137013,True,
0hvf7s67453i8zu8gi_2.jpg,0.2541084885597229,0.6604527235031128,0.7719744443893433,0.7486433982849121,0.7527177333831787,0.05331208875094809,0.4373047849939564,True,
0hvf7s67453i8zu8gi_3.jpg,0.2227259874343872,0.6505696773529053,0.7720004320144653,0.4247879385948181,0.6903929710388184,0.028694890274240326,0.3279686525133518,True,
0hvf7s67453i8zu8gi_4.jpg,0.23481996357440948,0.6550911664962769,0.7792240381240845,0.47277459502220154,0.6954956650733948,0.028590885604786218,0.3451979461422299,True,
0hvf7s67453i8zu8gi_5.jpg,0.309899240732193,0.6770275235176086,0.7816340923309326,1.0,0.7318034768104553,0.032027786872567944,0.5112309869928722,True,
0hw8vbocaeuco4ka8f_0.jpg,0.26340895891189575,0.6420067548751831,0.7496399283409119,0.367781400680542,0.6634857654571533,0.15261920555755104,0.3473594799922399,True,
0hw8vbocaeuco4ka8f_1.jpg,0.23563185334205627,0.6348901987075806,0.7513295412063599,0.3561025857925415,0.642783522605896,0.15360568517288523,0.3307746366736113,True,
0hw8vbocaeuco4ka8f_2.jpg,0.2177501618862152,0.6249282360076904,0.7480238080024719,0.12071792036294937,0.6824902892112732,0.16797916623653217,0.2764859278404737,True,
0hw8vbocaeuco4ka8f_3.jpg,0.2775091826915741,0.6428206562995911,0.757449209690094,0.15603342652320862,0.625575840473175,0.12271011445432724,0.2857937615583535,True,
0hw8vbocaeuco4ka8f_4.jpg,0.2563733458518982,0.638380765914917,0.7513130307197571,0.6305398941040039,0.6294462084770203,0.12846929966004927,0.3989487462015792,True,
0hw8vbocaeuco4ka8f_5.jpg,0.2670987844467163,0.6401625871658325,0.7515647411346436,0.5650199055671692,0.6762297749519348,0.151741415278894,0.40033378899430877,True,
0i3jqdv8eeuil54nw4_0.jpg,0.37750667333602905,0.6589710712432861,0.7666956782341003,0.4004265367984772,0.6370742917060852,0.06021749803822288,0.371692327816091,True,
0i3jqdv8eeuil54nw4_1.jpg,0.43639588356018066,0.6754624843597412,0.7759250402450562,0.5581567883491516,0.6795544624328613,0.019114948362497212,0.4320116384924228,True,
0i3jqdv8eeuil54nw4_2.jpg,0.48482781648635864,0.6814055442810059,0.7784639596939087,0.26572588086128235,0.6161919832229614,0.08625788024126113,0.3766111786783906,True,
0i3jqdv8eeuil54nw4_3.jpg,0.37511616945266724,0.6572078466415405,0.7681117057800293,0.3834840655326843,0.6357991099357605,0.06772304555419205,0.3678661067895952,True,
0i3jqdv8eeuil54nw4_4.jpg,0.4533635973930359,0.675312876701355,0.7718905806541443,0.3804842531681061,0.6324306130409241,0.0982288117485588,0.3999302073374857,True,
0i3jqdv8eeuil54nw4_5.jpg,0.39588260650634766,0.6596500873565674,0.7689788341522217,0.38768935203552246,0.6326518058776855,0.0398300516242246,0.3699776217864843,True,
0i94uoaca6jghjs1q2_0.jpg,0.5508512258529663,0.7060731649398804,0.8035215139389038,1.0,0.6447517275810242,0.01837998522408773,0.5754242716095607,True,
0i94uoaca6jghjs1q2_1.jpg,0.5241585969924927,0.6909101605415344,0.7952067852020264,0.5727909803390503,0.6399558782577515,0.015211054946448414,0.45768664067297493,True,
0i94uoaca6jghjs1q2_2.jpg,0.5417197942733765,0.7070005536079407,0.7969861626625061,0.38590988516807556,0.6469991207122803,0.013586510968006914,0.41819652562375814,True,
0i94uoaca6jghjs1q2_3.jpg,0.570842981338501,0.698262095451355,0.802749514579773,0.7273008823394775,0.6318246722221375,0.0,0.5079851984977722,True,
0i94uoaca6jghjs1q2_4.jpg,0.496681272983551,0.6696717739105225,0.8010331988334656,0.9775989055633545,0.5954610705375671,0.07628688769453412,0.5525877635815017,True,
0i94uoaca6jghjs1q2_5.jpg,0.5217494964599609,0.6557029485702515,0.7783111929893494,1.0,0.638695478439331,0.12931844206175283,0.5862151078612031,True,
0iaj56ttkzwug9ac4o_0.jpg,0.42036715149879456,0.6758528351783752,0.7706815004348755,0.20803631842136383,0.6652950048446655,0.09879674867631519,0.35195593333411523,True,
0iaj56ttkzwug9ac4o_1.jpg,0.2480420619249344,0.641944944858551,0.7696648836135864,0.0,0.6517203450202942,0.14470523927404128,0.24609983853259412,True,
0iaj56ttkzwug9ac4o_2.jpg,0.32341405749320984,0.6578338742256165,0.7700461149215698,0.29334017634391785,0.6316205263137817,0.08660411705226602,0.3301748928818125,True,
0iaj56ttkzwug9ac4o_3.jpg,0.24019837379455566,0.6461790204048157,0.7657769322395325,0.0,0.651905357837677,0.12473777881174873,0.23939805815797963,True,
0iaj56ttkzwug9ac4o_4.jpg,0.21729490160942078,0.6373540759086609,0.7644277215003967,0.0,0.6526298522949219,0.15619502469132424,0.2378181909605465,True,
0iaj56ttkzwug9ac4o_5.jpg,0.23638781905174255,0.6393563747406006,0.7729818224906921,0.0,0.6598357558250427,0.12515226537553714,0.23973334090822584,True,
0ih343yra0yy1e30zz_0.jpg,0.2691091299057007,0.6314551830291748,0.7604266405105591,0.5134073495864868,0.7728748917579651,0.08376152825913905,0.3938673168670378,True,
0ih343yra0yy1e30zz_1.jpg,0.30688998103141785,0.6482781767845154,0.7656803131103516,0.6418083906173706,0.7501305937767029,0.07007933540372119,0.4319055768514238,True,
0ih343yra0yy1e30zz_2.jpg,0.2539384961128235,0.6270272731781006,0.7501082420349121,0.4144381880760193,0.7421987652778625,0.048335749836129635,0.3505949236812915,True,
0ih343yra0yy1e30zz_3.jpg,0.2728917896747589,0.6346511244773865,0.7593224048614502,0.4666787385940552,0.7737380266189575,0.09585228716510866,0.3860998737914927,True,
0ih343yra0yy1e30zz_4.jpg,0.27285027503967285,0.6340894103050232,0.7582260370254517,0.3412569463253021,0.7715978026390076,0.09122014683776257,0.3533754227405651,True,
1wg1b1ylo6a63gka4a_1.jpg,0.45192384719848633,0.686552882194519,0.7826432585716248,0.022306403145194054,0.6546887755393982,0.15161992634193056,0.3250116876820345,True,
1wg1b1ylo6a63gka4a_2.jpg,0.4116179347038269,0.683827817440033,0.7824196815490723,0.6148801445960999,0.69903963804245,0.004131758229509577,0.43842059254975624,True,
1wg1b1ylo6a63gka4a_3.jpg,0.4263291358947754,0.6758191585540771,0.7762907147407532,0.050609417259693146,0.6921810507774353,0.06888459214861625,0.31408068046330495,True,
1wg1b1ylo6a63gka4a_4.jpg,0.4057310223579407,0.6847056746482849,0.7850071787834167,0.14403067529201508,0.7012948393821716,0.09225834628420837,0.33672416378155895,True,
1wg1b1ylo6a63gka4a_5.jpg,0.5131550431251526,0.7191347479820251,0.7928003668785095,0.6068993210792542,0.8053446412086487,0.08546004032130972,0.5094900316696086,True,
1wyx6iwdqdfislphh6_0.jpg,0.3780514597892761,0.6801728010177612,0.784237265586853,0.20641882717609406,0.7247908115386963,0.19238151942727744,0.3673571839134649,True,
1wyx6iwdqdfislphh6_1.jpg,0.38869744539260864,0.6845723986625671,0.7843241095542908,0.11660756915807724,0.733066737651825,0.1679067792708748,0.34539070156147234,True,
1wyx6iwdqdfislphh6_2.jpg,0.4773246645927429,0.6958752274513245,0.7884187698364258,0.07620362192392349,0.6963407397270203,0.09691141407521542,0.344764968848888,True,
1wyx6iwdqdfislphh6_3.jpg,0.3785915970802307,0.6802260875701904,0.7831122279167175,0.18300049006938934,0.7188048958778381,0.1921510826834319,0.3604483772076821,True,
1wyx6iwdqdfislphh6_4.jpg,0.4064761996269226,0.6915395855903625,0.7833406329154968,0.22937770187854767,0.6951226592063904,0.17212795427996952,0.3730612180363318,True,
1wyx6iwdqdfislphh6_5.jpg,0.5347405672073364,0.7003031373023987,0.7937279343605042,0.4302201271057129,0.7204368114471436,0.10319055774325098,0.45943970413707486,True,
1xt58mfxxfoqril8t4_0.jpg,0.4129074513912201,0.6885017156600952,0.7854734659194946,0.7674921751022339,0.6717510223388672,0.07797621030146284,0.4863360982905515,True,
1xt58mfxxfoqril8t4_1.jpg,0.4051681458950043,0.6892421841621399,0.7777350544929504,0.5693390965461731,0.6752275228500366,0.10836824575282406,0.44086277892036685,True,
1xt58mfxxfoqril8t4_2.jpg,0.45440855622291565,0.6833570599555969,0.7835137248039246,0.6865242123603821,0.6844682693481445,0.11643492952756038,0.49085468754325695,True,
1xt58mfxxfoqril8t4_3.jpg,0.4104318618774414,0.6901618242263794,0.783680260181427,0.6343790888786316,0.6720143556594849,0.06978877591645952,0.4506065501919513,True,
1xt58mfxxfoqril8t4_4.jpg,0.39534252882003784,0.6895866990089417,0.779740571975708,0.8720129728317261,0.6926833987236023,0.08402241355425384,0.511714290750516,True,
1xt58mfxxfoqril8t4_5.jpg,0.4766804277896881,0.7060753703117371,0.7925179600715637,1.0,0.7089838981628418,0.06038539552620761,0.5707120084642007,True,
1xvwxg4vszi8zk3ubt_0.jpg,0.6064115762710571,0.7210045456886292,0.8131216168403625,1.0,0.5611769556999207,0.0,0.5744794428348541,True,
1xvwxg4vszi8zk3ubt_1.jpg,0.6055391430854797,0.7203948497772217,0.8140347599983215,1.0,0.5568168759346008,0.03978165219612635,0.5812584057060634,True,
1xvwxg4vszi8zk3ubt_2.jpg,0.6194160580635071,0.7173722982406616,0.8154237866401672,0.6803617477416992,0.5295764207839966,0.020388890369912822,0.4968791194884341,True,
1xvwxg4vszi8zk3ubt_4.jpg,0.6063011884689331,0.7188396453857422,0.8144111037254333,0.8238245248794556,0.5642273426055908,0.014130960057770925,0.5338332077166629,True,
1xvwxg4vszi8zk3ubt_5.jpg,0.6233453154563904,0.7260530591011047,0.8174172043800354,0.6645613312721252,0.5923377275466919,0.06759182555457333,0.516297103848021,True,
1y128wq86v7ant5wid_0.jpg,0.30022674798965454,0.646589457988739,0.7631670832633972,0.12631772458553314,0.639543890953064,0.0,0.26456757113337515,True,
1y128wq86v7ant5wid_1.jpg,0.2882823050022125,0.6406972408294678,0.7598485350608826,0.056833963841199875,0.615850031375885,0.0,0.23827730398625135,True,
1y128wq86v7ant5wid_2.jpg,0.30130502581596375,0.6493346691131592,0.761544406414032,0.19513274729251862,0.6130634546279907,0.0,0.27685263678431515,True,
1y128wq86v7ant5wid_3.jpg,0.28483304381370544,0.6427696943283081,0.7596269845962524,0.1890416443347931,0.6308484673500061,0.0,0.2731216698884964,True,
1y128wq86v7ant5wid_4.jpg,0.3288617730140686,0.6531463861465454,0.7674314975738525,0.19987589120864868,0.6264690160751343,0.0,0.29036439657211305,True,
1y128wq86v7ant5wid_5.jpg,0.3236845135688782,0.6584895253181458,0.7649332284927368,0.36143654584884644,0.6632452607154846,0.0,0.33629776835441594,True,
1ymybubiy24hrtb1os_0.jpg,0.33404871821403503,0.6600980162620544,0.7660478353500366,1.0,0.6969571709632874,0.0,0.5063084855675697,True,
1ymybubiy24hrtb1os_1.jpg,0.35631075501441956,0.6646828651428223,0.7657514214515686,0.8995374441146851,0.6874502897262573,0.0,0.4870831832289696,True,
1ymybubiy24hrtb1os_2.jpg,0.3431163430213928,0.6622757911682129,0.7638286352157593,1.0,0.6777607202529907,0.0,0.5056428641080857,True,
1ymybubiy24hrtb1os_3.jpg,0.35033735632896423,0.6641337871551514,0.7655251622200012,1.0,0.6812009215354919,0.013627579922009053,0.5115837750066378,True,
1ymybubiy24hrtb1os_4.jpg,0.31719401478767395,0.6743027567863464,0.7719653248786926,1.0,0.6712020635604858,0.008849742630696732,0.4970282664139224,True,
1ymybubiy24hrtb1os_5.jpg,0.368804395198822,0.6676302552223206,0.7669137716293335,1.0,0.6427391171455383,0.0,0.5076293617486953,True,
1z179oickhjevielkz_0.jpg,0.510118842124939,0.6865186095237732,0.7884607315063477,0.7428543567657471,0.7058160305023193,0.05352573124642547,0.5161235362849144,True,
1z179oickhjevielkz_1.jpg,0.4584677815437317,0.6784584522247314,0.7811012864112854,0.7300173044204712,0.6957524418830872,0.07268430218429045,0.4966553984588994,True,
1z179oickhjevielkz_2.jpg,0.4792579710483551,0.6809082627296448,0.7810090780258179,0.6664822697639465,0.6997110843658447,0.046068622265046155,0.4835167986340891,True,
1z179oickhjevielkz_3.jpg,0.49464988708496094,0.6865833401679993,0.7825626730918884,1.0,0.7096686959266663,0.00811190806220121,0.5666835812775098,True,
1z179oickhjevielkz_4.jpg,0.5003045201301575,0.6880356669425964,0.7863450646400452,1.0,0.6921828985214233,0.08272276812375406,0.5800877153745906,True,
1z179oickhjevielkz_5.jpg,0.5175049304962158,0.6933702230453491,0.7763058543205261,0.15991856157779694,0.704086422920227,0.09058712043903039,0.3800410747399762,True,
1z9823a5h6p871teqi_0.jpg,0.3764740228652954,0.6505012512207031,0.7794861197471619,0.24325786530971527,0.647925853729248,0.061043668967698986,0.33437427886967164,True,
1z9823a5h6p871teqi_1.jpg,0.44472989439964294,0.6540403962135315,0.7922607660293579,0.3113480508327484,0.5157601237297058,0.22961373095596066,0.38256724668519543,True,
1z9823a5h6p871teqi_2.jpg,0.3865869641304016,0.655578076839447,0.7806678414344788,0.19301484525203705,0.654789924621582,0.09650458812591184,0.33381805130814857,True,
1z9823a5h6p871teqi_3.jpg,0.35317012667655945,0.6433721780776978,0.7752066254615784,0.45915094017982483,0.6219654679298401,0.07402767229549387,0.3775959074268188,True,
1z9823a5h6p871teqi_5.jpg,0.41311630606651306,0.652718186378479,0.777615487575531,0.4195916950702667,0.6718973517417908,0.1355980524691436,0.4109877117330331,True,
1zrelom4ctownib554_1.jpg,0.4198759198188782,0.685404360294342,0.7855215668678284,0.2018362134695053,0.5616738200187683,0.1269116270356634,0.33513271471487005,True,
1zrelom4ctownib554_2.jpg,0.42467623949050903,0.6846799254417419,0.7848377227783203,0.24684645235538483,0.5737589001655579,0.12661691584454404,0.35042346011254477,True,
1zrelom4ctownib554_4.jpg,0.39829978346824646,0.6841465830802917,0.779281735420227,0.5050712823867798,0.5774253010749817,0.12040003208353897,0.4052378114422853,True,
1zrelom4ctownib554_5.jpg,0.41273412108421326,0.6856770515441895,0.7824121117591858,0.6135193705558777,0.5809184312820435,0.12330621721705508,0.4386817147182637,True,
2a8lc0h0y0hs4yjnvu_0.jpg,0.22492000460624695,0.6361281275749207,0.7546746134757996,0.0,0.6232767701148987,0.004963864546704944,0.20437012854450717,True,
2a8lc0h0y0hs4yjnvu_1.jpg,0.2860117256641388,0.6473116278648376,0.7566239237785339,0.1435856819152832,0.6445741653442383,0.018325880909312003,0.26858053371197943,True,
2a8lc0h0y0hs4yjnvu_2.jpg,0.3412538468837738,0.66182541847229,0.7575618028640747,0.21013407409191132,0.6634259819984436,0.0,0.3046575613319874,True,
2a8lc0h0y0hs4yjnvu_3.jpg,0.28848007321357727,0.6473418474197388,0.7523897290229797,0.07959537953138351,0.6540617942810059,0.003960572963010209,0.25247134395640114,True,
2a8lc0h0y0hs4yjnvu_4.jpg,0.3829168379306793,0.6521034836769104,0.7795405387878418,0.7447421550750732,0.6371866464614868,0.2703773762387105,0.5017192365845455,True,
2a8lc0h0y0hs4yjnvu_5.jpg,0.5824353098869324,0.6933241486549377,0.78995281457901,0.5414440631866455,0.5691460967063904,0.0,0.4530425935983658,True,
2bmpyaavvm6crl0ids_0.jpg,0.3002678453922272,0.6413462162017822,0.7727822661399841,0.015397313982248306,0.6187763810157776,0.05040643048096356,0.2427796366821898,True,
2bmpyaavvm6crl0ids_1.jpg,0.301657497882843,0.6418636441230774,0.7738234996795654,0.19712187349796295,0.6370839476585388,0.035952940324599225,0.2894679702301134,True,
2bmpyaavvm6crl0ids_2.jpg,0.31035906076431274,0.6505524516105652,0.7763909697532654,0.0,0.6511991620063782,0.022135795865184382,0.243292662841822,True,
2bmpyaavvm6crl0ids_3.jpg,0.30065399408340454,0.6453156471252441,0.7741958498954773,0.0023223182652145624,0.6200571060180664,0.05691390408505374,0.24120367951611926,True,
2bmpyaavvm6crl0ids_4.jpg,0.34789758920669556,0.6550804972648621,0.7769439220428467,0.1101543977856636,0.657411515712738,0.0,0.28078505881130694,True,
2bmpyaavvm6crl0ids_5.jpg,0.5497020483016968,0.493606299161911,0.75753253698349,1.0,0.32093870639801025,0.2071376296203668,0.5480109841092693,True,
2ccz61xjvddut42ywu_0.jpg,0.3668333888053894,0.6843641400337219,0.7860456705093384,0.050330959260463715,0.6403826475143433,0.07203931951431071,0.28345881930273303,True,
2ccz61xjvddut42ywu_1.jpg,0.3539833426475525,0.6778505444526672,0.7878023386001587,0.0033865096047520638,0.6135421991348267,0.10163307080195977,0.26777585131518866,True,
2ccz61xjvddut42ywu_2.jpg,0.3208664059638977,0.6706971526145935,0.7825055122375488,0.17450633645057678,0.6122451424598694,0.07903747508228191,0.29418634970843865,True,
2ccz61xjvddut42ywu_3.jpg,0.310513973236084,0.6698732972145081,0.7804722189903259,0.05624429136514664,0.6336876749992371,0.07466275174889955,0.2644110488235434,True,
2ccz61xjvddut42ywu_4.jpg,0.36811918020248413,0.6837060451507568,0.7859753966331482,0.24337293207645416,0.6342476010322571,0.09690610553744698,0.33591568740392386,True,
2ccz61xjvddut42ywu_5.jpg,0.34255725145339966,0.6805870532989502,0.7827355861663818,0.6962471604347229,0.6032595038414001,0.05228042516156406,0.42506481391796347,True,
2ceb87rr7bfeqzabtp_0.jpg,0.344643771648407,0.6716206073760986,0.7823300361633301,0.1335478127002716,0.5611990690231323,0.0,0.26625208705663683,True,
2ceb87rr7bfeqzabtp_2.jpg,0.37212103605270386,0.6774144768714905,0.789555013179779,0.2080477476119995,0.5734539031982422,0.0,0.29694508016109467,True,
2ceb87rr7bfeqzabtp_3.jpg,0.3369101881980896,0.6715995073318481,0.7813560366630554,0.20503085851669312,0.5682936310768127,0.0,0.2828350067138672,True,
2ceb87rr7bfeqzabtp_4.jpg,0.373619943857193,0.6712878942489624,0.7859460711479187,0.11285071074962616,0.5628189444541931,0.008574387492736507,0.27325832442681003,True,
2ceb87rr7bfeqzabtp_5.jpg,0.2581091821193695,0.6528224349021912,0.7638468146324158,0.3797033727169037,0.6698827147483826,0.0,0.31924059987068176,True,
2cfxzzbvr19eifah5n_0.jpg,0.31814804673194885,0.6644648909568787,0.7785252928733826,1.0,0.7255948185920715,0.0028997830228919275,0.5070507366791749,True,
2cfxzzbvr19eifah5n_1.jpg,0.28297996520996094,0.660566508769989,0.7829565405845642,1.0,0.6897280812263489,0.04184093954739664,0.49535679197823546,True,
2cfxzzbvr19eifah5n_2.jpg,0.28152841329574585,0.6588088274002075,0.7740921974182129,0.7253939509391785,0.6972100138664246,0.03269851560190814,0.4258651382819722,True,
2cfxzzbvr19eifah5n_3.jpg,0.24853241443634033,0.6564375162124634,0.7660493850708008,0.9847455024719238,0.6640933156013489,0.03445935952946767,0.47288325569686335,True,
2cfxzzbvr19eifah5n_4.jpg,0.26309749484062195,0.6520271301269531,0.7716918587684631,1.0,0.8330466151237488,0.0,0.5086934462189674,True,
2cfxzzbvr19eifah5n_5.jpg,0.2077387571334839,0.6310960650444031,0.7662205696105957,1.0,0.7212479710578918,0.10100203509869521,0.48715856622803677,True,
2chjrlhl4rpx0yaw4l_0.jpg,0.26984044909477234,0.6432761549949646,0.7531558871269226,0.0,0.5562716126441956,0.017193895211003424,0.20913725875421013,True,
2chjrlhl4rpx0yaw4l_1.jpg,0.17926158010959625,0.623195469379425,0.7464233636856079,0.0,0.6893391609191895,0.0,0.20060938522219657,True,
2chjrlhl4rpx0yaw4l_5.jpg,0.25139352679252625,0.6725111603736877,0.7932991981506348,0.1802932769060135,0.771817147731781,0.0,0.2874244831502437,True,
2cm3tbyo6iwr1xaz6o_0.jpg,0.32225745916366577,0.6684141755104065,0.7698553204536438,0.7786873579025269,0.6251436471939087,0.0,0.43249067962169646,True,
2cm3tbyo6iwr1xaz6o_1.jpg,0.2510729134082794,0.6501504778862,0.7653549909591675,0.0931231752038002,0.6121686697006226,0.0,0.23359004743397238,True,
2cm3tbyo6iwr1xaz6o_2.jpg,0.2982461154460907,0.6606926918029785,0.7658843398094177,0.6083894371986389,0.6153440475463867,0.011028667046428367,0.3817580426243545,True,
2cm3tbyo6iwr1xaz6o_3.jpg,0.3872942626476288,0.6831300258636475,0.7758235931396484,0.5855279564857483,0.6255699992179871,0.003131693258843153,0.40767531954347314,True,
2cm3tbyo6iwr1xaz6o_4.jpg,0.27952444553375244,0.6603837609291077,0.76987624168396,0.24455155432224274,0.6225694417953491,0.013379864631584568,0.28616130580276083,True,
2cm3tbyo6iwr1xaz6o_5.jpg,0.3992600440979004,0.6982929110527039,0.8015570044517517,0.5007026195526123,0.5960529446601868,0.018884556477519802,0.38790417054995946,True,
2d8m251io0nvtitrlm_1.jpg,0.22305157780647278,0.6393899917602539,0.7514554858207703,0.027519794180989265,0.6045663952827454,0.05463946319595425,0.21678917247325274,True,
3v8jcc9t88yrdd0kkd_5.jpg,0.527799129486084,0.6929173469543457,0.7925835847854614,0.2944398820400238,0.6288852691650391,0.0,0.3841167196631432,True,
3vpsc40z75xny1u67m_1.jpg,0.5186752676963806,0.704037606716156,0.7907800674438477,1.0,0.594382643699646,0.07018615246978116,0.5644501029276185,True,
3vpsc40z75xny1u67m_2.jpg,0.4493745267391205,0.6853294372558594,0.7964457869529724,0.5919458866119385,0.6550949215888977,0.06224960568730291,0.4487364614669169,True,
3vpsc40z75xny1u67m_3.jpg,0.5470325350761414,0.7137266397476196,0.7961878776550293,1.0,0.5890626907348633,0.05292404517367787,0.5698587344583577,True,
3vpsc40z75xny1u67m_4.jpg,0.37593746185302734,0.6628884077072144,0.7759227156639099,0.32524558901786804,0.6366528272628784,0.08407189149587616,0.3570344526547775,True,
3vpsc40z75xny1u67m_5.jpg,0.5247181057929993,0.7062710523605347,0.7978212833404541,1.0,0.5784422159194946,0.08586033103610684,0.56651184641867,True,
3w36yswr9nkp000uq8_0.jpg,0.37111833691596985,0.6752142906188965,0.7793053984642029,0.20293393731117249,0.735502302646637,0.0009798094818529654,0.3279213246740806,True,
3w36yswr9nkp000uq8_1.jpg,0.3695629835128784,0.6755461096763611,0.7796880602836609,0.2526676654815674,0.7087295055389404,0.0,0.3342598617076874,True,
3w36yswr9nkp000uq8_2.jpg,0.36201760172843933,0.6750907301902771,0.7763081789016724,0.25336742401123047,0.7169235944747925,0.0,0.3334327355027199,True,
3w36yswr9nkp000uq8_4.jpg,0.3920782506465912,0.6929429769515991,0.7875690460205078,0.38535332679748535,0.6587544679641724,0.0,0.3653166130185127,True,
3w36yswr9nkp000uq8_5.jpg,0.36079663038253784,0.6701667308807373,0.7761006951332092,0.22054749727249146,0.7533991932868958,0.0,0.33209553360939026,True,
3wj2x6ifpqruktlzo3_0.jpg,0.4225660264492035,0.676771879196167,0.7943875789642334,0.0633101761341095,0.607186496257782,0.0,0.285162952542305,True,
3wj2x6ifpqruktlzo3_1.jpg,0.41255632042884827,0.6712082624435425,0.7915076613426208,0.27391502261161804,0.584716260433197,0.0,0.3298167198896408,True,
3wj2x6ifpqruktlzo3_2.jpg,0.42885351181030273,0.6741970777511597,0.794440507888794,0.4916842579841614,0.5975860953330994,0.0,0.3925370126962662,True,
3wj2x6ifpqruktlzo3_3.jpg,0.41913095116615295,0.6753718852996826,0.7932620048522949,0.21379727125167847,0.606468141078949,0.0,0.32143877893686296,True,
3wj2x6ifpqruktlzo3_4.jpg,0.4324764311313629,0.6764457821846008,0.7957577109336853,0.37771356105804443,0.6173720359802246,0.0,0.36926954835653303,True,
3wj2x6ifpqruktlzo3_5.jpg,0.40577608346939087,0.6749736666679382,0.7934268116950989,0.011159120127558708,0.6020238399505615,0.0,0.26521617723628876,True,
3x1k1kzbymvk8xu5o1_0.jpg,0.48446887731552124,0.6935058832168579,0.7811342477798462,1.0,0.5933777093887329,0.06511879717488221,0.5512634083731556,True,
3x1k1kzbymvk8xu5o1_1.jpg,0.4692401885986328,0.6968065500259399,0.7793289422988892,1.0,0.5974340438842773,0.06361139364770058,0.5464431535159171,True,
3x1k1kzbymvk8xu5o1_2.jpg,0.5031592845916748,0.6982362270355225,0.7849629521369934,0.42737311124801636,0.6611767411231995,0.05918124123665763,0.42702062389106166,True,
3x1k1kzbymvk8xu5o1_3.jpg,0.4747712016105652,0.6934670805931091,0.7800397276878357,1.0,0.5899734497070312,0.06199986248135042,0.5465645830013742,True,
3x1k1kzbymvk8xu5o1_4.jpg,0.4542055130004883,0.7006880044937134,0.7775808572769165,0.8120059370994568,0.6190366148948669,0.0371580743932677,0.49321235168266203,True,
3x1k1kzbymvk8xu5o1_5.jpg,0.48388510942459106,0.6949203014373779,0.787581205368042,0.6707780361175537,0.5947050452232361,0.06315349565558434,0.4686260055037594,True,
3ynosxisoyo7bfruvu_0.jpg,0.32890352606773376,0.656242847442627,0.7769906520843506,0.3048487603664398,0.7639131546020508,0.017741846795950145,0.34765942449491694,True,
3ynosxisoyo7bfruvu_1.jpg,0.2727239727973938,0.6473802924156189,0.766994059085846,0.327126681804657,0.7883811593055725,0.026990258634746467,0.34030934451831585,True,
3ynosxisoyo7bfruvu_2.jpg,0.29488688707351685,0.6519450545310974,0.7717029452323914,0.3151610791683197,0.7525563836097717,0.0223703174456526,0.3369860204788957,True,
3ynosxisoyo7bfruvu_3.jpg,0.2532118558883667,0.6387695074081421,0.769711434841156,0.11681444942951202,0.7664755582809448,0.024978652859331485,0.27611860414636163,True,
3ynosxisoyo7bfruvu_4.jpg,0.3342231512069702,0.653107225894928,0.7734192609786987,0.3150392770767212,0.7654650807380676,0.01228356672654346,0.35128765168454207,True,
3ynosxisoyo7bfruvu_5.jpg,0.3301987051963806,0.6575022339820862,0.7741327285766602,0.25463053584098816,0.7588087320327759,0.006936168258857164,0.33237616083730687,True,
3yov006j3mbflkl8rk_0.jpg,0.41182786226272583,0.6642014384269714,0.7691983580589294,0.4855189919471741,0.6812706589698792,0.16516612277400133,0.4348068561275237,True,
3yov006j3mbflkl8rk_1.jpg,0.3919469714164734,0.6571388840675354,0.7666385769844055,0.7292088866233826,0.5921886563301086,0.20404274495756883,0.47872994190914686,True,
3yov006j3mbflkl8rk_2.jpg,0.3887522518634796,0.6587877869606018,0.7674453854560852,0.6280030608177185,0.6277422308921814,0.10095121962215389,0.43880274345951453,True,
3yov006j3mbflkl8rk_3.jpg,0.38773852586746216,0.6590192914009094,0.7671907544136047,0.11965952068567276,0.6802873015403748,0.17384803108078467,0.3364504307492618,True,
3yov006j3mbflkl8rk_4.jpg,0.418773889541626,0.6663981676101685,0.770271897315979,0.37895533442497253,0.700527548789978,0.18793743660695778,0.4190026920251994,True,
3yov006j3mbflkl8rk_5.jpg,0.4703170359134674,0.6797832250595093,0.7731896638870239,0.8299487829208374,0.7334181666374207,0.12871258846945577,0.5445243093212982,True,
3ytrr4bu33pv3e36ln_0.jpg,0.30166012048721313,0.6433318257331848,0.7651934027671814,0.15647153556346893,0.5127714276313782,0.1294472987109469,0.27314267132985687,True,
3ytrr4bu33pv3e36ln_1.jpg,0.28264865279197693,0.6421306133270264,0.7618098855018616,0.00943356566131115,0.5070359706878662,0.13265596324327544,0.22922380667874806,True,
3ytrr4bu33pv3e36ln_2.jpg,0.3601582646369934,0.6604530811309814,0.7724901437759399,0.08256043493747711,0.5340619087219238,0.14871973142735814,0.28325182938717336,True,
3ytrr4bu33pv3e36ln_3.jpg,0.29679927229881287,0.6408550143241882,0.7627284526824951,0.3108476996421814,0.5159429907798767,0.11392780987179067,0.30756583034546336,True,
3ytrr4bu33pv3e36ln_4.jpg,0.2895427346229553,0.6433937549591064,0.7615588307380676,0.137361541390419,0.503240168094635,0.13043339856277048,0.26241505579712016,True,
3ytrr4bu33pv3e36ln_5.jpg,0.3055282235145569,0.6458824276924133,0.7607151865959167,0.2631087899208069,0.5826332569122314,0.10889799265460867,0.3110183256236646,True,
3zkjqfsqatc5132m9m_0.jpg,0.4539984166622162,0.7015393972396851,0.7919636368751526,0.7779091596603394,0.6234304904937744,0.1924020457336413,0.5165432429923436,True,
3zkjqfsqatc5132m9m_1.jpg,0.4848592281341553,0.7011187672615051,0.7941271066665649,0.22898530960083008,0.5775814652442932,0.26139560923455996,0.39474247214293245,True,
3zkjqfsqatc5132m9m_2.jpg,0.4906403422355652,0.7071998715400696,0.7955753207206726,0.525717556476593,0.6319035291671753,0.217406963849048,0.4730156075048408,True,
3zkjqfsqatc5132m9m_3.jpg,0.47706708312034607,0.7048757076263428,0.7929682731628418,1.0,0.6184064149856567,0.1867436571924517,0.5780034935277428,True,
3zkjqfsqatc5132m9m_4.jpg,0.44751065969467163,0.6953417062759399,0.7880672216415405,0.4124724566936493,0.761054277420044,0.18770736625168363,0.44949917380089294,True,
3zkjqfsqatc5132m9m_5.jpg,0.44922223687171936,0.7125183343887329,0.7979739308357239,0.4802691638469696,0.6237824559211731,0.10991499850113336,0.4240345647513054,True,
3zmk58nrz10sxpgtf3_0.jpg,0.4832080006599426,0.6558213233947754,0.7760633230209351,0.595624566078186,0.633452296257019,0.04781324261238237,0.4542820495244067,True,
3zmk58nrz10sxpgtf3_1.jpg,0.46790847182273865,0.6704651713371277,0.7705926895141602,0.736833393573761,0.6431544423103333,0.1434865796847702,0.5053045179304195,True,
3zmk58nrz10sxpgtf3_2.jpg,0.45577073097229004,0.6506843566894531,0.770454466342926,1.0,0.6405150294303894,0.09060252827597058,0.5557432673815735,True,
3zmk58nrz10sxpgtf3_3.jpg,0.4940621852874756,0.6592636108398438,0.7773005366325378,0.7647104859352112,0.6306420564651489,0.041238007612457564,0.49847539914994055,True,
3zmk58nrz10sxpgtf3_4.jpg,0.4587323069572449,0.6588707566261292,0.7743719816207886,1.0,0.6478390097618103,0.03574474180014322,0.5472730577474264,True,
3zmk58nrz10sxpgtf3_5.jpg,0.5866338610649109,0.6832640767097473,0.7873574495315552,1.0,0.667361319065094,0.14993302590885696,0.6187807203675091,True,
4ag2acyygf19qloq23_0.jpg,0.5084009170532227,0.6642240285873413,0.7726973295211792,0.6388949155807495,0.8493517637252808,0.0490281810704804,0.5173400388229674,True,
4ag2acyygf19qloq23_1.jpg,0.4324766993522644,0.6652998328208923,0.7518232464790344,0.9540566205978394,0.8227570652961731,0.0,0.554432412981987,True,
4ag2acyygf19qloq23_2.jpg,0.235508993268013,0.6223978400230408,0.7491492629051208,0.036940060555934906,0.764098584651947,0.19265712768946533,0.28301430525107074,True,
4ag2acyygf19qloq23_3.jpg,0.439974844455719,0.6675812602043152,0.7594334483146667,0.32217997312545776,0.8142340183258057,0.09567362374761135,0.4165177172555495,True,
4ag2acyygf19qloq23_4.jpg,0.4483296871185303,0.664339542388916,0.7499662637710571,0.5155223608016968,0.8986924886703491,0.08033922760439632,0.48160232394685887,True,
4ag2acyygf19qloq23_5.jpg,0.33520960807800293,0.6538179516792297,0.7664533257484436,0.6479159593582153,0.8047265410423279,0.15762624026422378,0.4717729089281652,True,
4amv7gct981iyrrb2a_0.jpg,0.3569389581680298,0.678924560546875,0.7874199748039246,0.09949076920747757,0.6102171540260315,0.05975957575183997,0.2837966736162541,True,
4amv7gct981iyrrb2a_1.jpg,0.35599106550216675,0.676054835319519,0.7862964868545532,0.06656640768051147,0.5975654125213623,0.05421254111782868,0.27159406557372445,True,
4amv7gct981iyrrb2a_2.jpg,0.35186129808425903,0.6783616542816162,0.7866407036781311,0.1332535743713379,0.5890898108482361,0.059300552091450943,0.2861429205102626,True,
4amv7gct981iyrrb2a_3.jpg,0.3284537196159363,0.6703169345855713,0.7847509980201721,0.28304141759872437,0.6043548583984375,0.06937352560011814,0.3204648330649699,True,
4amv7gct981iyrrb2a_4.jpg,0.42257291078567505,0.7095317244529724,0.7954476475715637,0.4171089231967926,0.5662458539009094,0.0,0.36542692035436625,True,
4amv7gct981iyrrb2a_5.jpg,0.38288241624832153,0.7014002799987793,0.7982014417648315,0.1501961052417755,0.5855764150619507,0.1345214169384094,0.3155774383974284,True,
4au7yn4wgjz7std1lx_0.jpg,0.2534779906272888,0.6357843279838562,0.7660687565803528,0.09252549707889557,0.723554790019989,0.1805723307626381,0.2926740951458004,True,
4au7yn4wgjz7std1lx_1.jpg,0.318680077791214,0.6719276309013367,0.7772665619850159,0.07588890939950943,0.6179372072219849,0.14088586898993122,0.2822748698191855,True,
4au7yn4wgjz7std1lx_2.jpg,0.31203123927116394,0.6598240733146667,0.762686014175415,0.252998411655426,0.7648046612739563,0.04793090936229067,0.3350076507860133,True,
4au7yn4wgjz7std1lx_3.jpg,0.30031540989875793,0.6657940149307251,0.7742108106613159,0.3286820650100708,0.6329110860824585,0.11395260137809149,0.33665364720919294,True,
4au7yn4wgjz7std1lx_4.jpg,0.3036498427391052,0.652478814125061,0.7734991312026978,0.3835662007331848,0.6048685312271118,0.0,0.3231427013874054,True,
4au7yn4wgjz7std1lx_5.jpg,0.3272913098335266,0.6774033904075623,0.7768829464912415,0.5585391521453857,0.5705448389053345,0.08385809095752685,0.385067332450653,True,
4b7bfaxo5dsqmasavs_0.jpg,0.34815701842308044,0.6657166481018066,0.775346577167511,0.5090933442115784,0.5489323735237122,0.0,0.3589147672057152,True,
4b7bfaxo5dsqmasavs_1.jpg,0.3780001997947693,0.6703923940658569,0.774453341960907,0.74350905418396,0.5416603088378906,0.0,0.42650939524173737,True,
4b7bfaxo5dsqmasavs_2.jpg,0.36097341775894165,0.6711084842681885,0.776333749294281,0.3851866126060486,0.5681926012039185,0.0,0.33627586960792544,True,
4b7bfaxo5dsqmasavs_3.jpg,0.398410439491272,0.6710629463195801,0.777284562587738,0.9359361529350281,0.5692312121391296,0.0,0.4872739344835281,True,
4b7bfaxo5dsqmasavs_4.jpg,0.3362101912498474,0.661928653717041,0.7697271108627319,1.0,0.5595521330833435,0.0,0.4795839935541153,True,
4b7bfaxo5dsqmasavs_5.jpg,0.34485292434692383,0.6667254567146301,0.7722147107124329,1.0,0.538474977016449,0.0,0.47839351892471316,True,
4cd90774ub9lzd3xe0_0.jpg,0.3212934136390686,0.6619176268577576,0.7772135734558105,0.6420048475265503,0.6317780613899231,0.1359313463679051,0.4264957882068773,True,
4cd90774ub9lzd3xe0_1.jpg,0.34648561477661133,0.6643430590629578,0.7762321829795837,0.320316344499588,0.619585394859314,0.12202939045329791,0.34967200835923334,True,
4cd90774ub9lzd3xe0_2.jpg,0.4010864198207855,0.6782422661781311,0.7830592393875122,1.0,0.6296448111534119,0.10660690247229167,0.5376305896624156,True,
4cd90774ub9lzd3xe0_3.jpg,0.36341315507888794,0.6664649248123169,0.7775869965553284,0.11434011161327362,0.6312629580497742,0.13583915685877995,0.30920005516264,True,
4cd90774ub9lzd3xe0_4.jpg,0.4258868098258972,0.6768541932106018,0.777498722076416,0.6061287522315979,0.6251389980316162,0.14411008481737697,0.4544423880667622,True,
4cd90774ub9lzd3xe0_5.jpg,0.3605119585990906,0.6716164350509644,0.7772290110588074,0.708066999912262,0.644268810749054,0.10847542088255019,0.453744781814068,True,
4cdghezg7cokvg00k2_0.jpg,0.440436452627182,0.694080114364624,0.7871981859207153,0.6162227988243103,0.6722021698951721,0.0003723843219281542,0.4427233689690113,True,
4cdghezg7cokvg00k2_1.jpg,0.44719457626342773,0.6928338408470154,0.7854909300804138,1.0,0.6865386366844177,0.0,0.5438258290290833,True,
4cdghezg7cokvg00k2_2.jpg,0.3783341944217682,0.6424418687820435,0.7544354200363159,0.27212169766426086,0.794266402721405,0.0952208385014395,0.37834484070825297,True,
4cdghezg7cokvg00k2_3.jpg,0.4439735412597656,0.6930927038192749,0.7873873710632324,1.0,0.6684666275978088,0.0,0.5390840649604798,True,
4cdghezg7cokvg00k2_4.jpg,0.44053784012794495,0.690825343132019,0.7853325009346008,0.9162267446517944,0.6422408223152161,0.001213202234113711,0.5119357351175953,True,
4cdghezg7cokvg00k2_5.jpg,0.5274155735969543,0.7299897074699402,0.8010245561599731,0.565923810005188,0.605972170829773,0.03299738752196933,0.4538703149305795,True,
4cdzd0w2mrq16rnf26_0.jpg,0.11399751901626587,0.6093814969062805,0.7528781294822693,0.013742181472480297,0.624733030796051,0.16022675520610186,0.20032663422424374,True,
4cdzd0w2mrq16rnf26_1.jpg,0.10149302333593369,0.5888059139251709,0.7455080151557922,0.0,0.6590269207954407,0.18620062215272826,0.20456806675721056,True,
4cdzd0w2mrq16rnf26_2.jpg,0.11800958961248398,0.6095224618911743,0.7520602345466614,0.0,0.6152893900871277,0.16456803659199776,0.1972748417001945,True,
4cdzd0w2mrq16rnf26_3.jpg,0.1123521476984024,0.6084560751914978,0.7512944340705872,0.0,0.6016731262207031,0.16605705980344715,0.1928692888992709,True,
4cdzd0w2mrq16rnf26_4.jpg,0.1209476962685585,0.5592734217643738,0.7298542261123657,0.0,0.7054237127304077,0.1543805621831858,0.21429254867671418,True,
5lzi26f7jwlnm6u6gt_5.jpg,0.21666881442070007,0.6136965155601501,0.7359544038772583,0.5368552803993225,0.6510729789733887,0.1583766801098306,0.3719378369637195,True,
5m1xpfnbegpcw1ybj2_0.jpg,0.32830771803855896,0.604976236820221,0.7420196533203125,0.3561745584011078,0.5935948491096497,0.17992420076338023,0.35865515088837857,True,
5m1xpfnbegpcw1ybj2_1.jpg,0.3017124533653259,0.5929450392723083,0.7384664416313171,0.12117899954319,0.596295177936554,0.18071963635989508,0.29129707142295136,True,
5m1xpfnbegpcw1ybj2_2.jpg,0.2706781029701233,0.5941022634506226,0.7326807975769043,0.3035346567630768,0.6339308023452759,0.17312463788299204,0.332032088275966,True,
5m1xpfnbegpcw1ybj2_3.jpg,0.30614086985588074,0.597467839717865,0.7378653287887573,0.3206409513950348,0.5893340110778809,0.1979680007546485,0.34476994466482286,True,
5m1xpfnbegpcw1ybj2_4.jpg,0.3697068393230438,0.6360554099082947,0.7467476725578308,0.4392070174217224,0.6979431509971619,0.0301048380701964,0.38480874593196757,True,
5m1xpfnbegpcw1ybj2_5.jpg,0.3402210474014282,0.6313621997833252,0.7546351552009583,0.35772183537483215,0.7045670747756958,0.19862012411218927,0.38914526521178494,True,
5m6bzbalf20j0qkq4b_0.jpg,0.34927552938461304,0.6732624769210815,0.77406907081604,0.8583232164382935,0.5424919128417969,0.07800464399778156,0.4609265507621036,True,
5m6bzbalf20j0qkq4b_1.jpg,0.3643916845321655,0.6710107326507568,0.773679792881012,0.46918943524360657,0.5636699199676514,0.10912516733814015,0.3793934658583179,True,
5m6bzbalf20j0qkq4b_2.jpg,0.3550509810447693,0.6728873252868652,0.7723604440689087,0.3621605634689331,0.55525141954422,0.11842938765834689,0.34954414567341596,True,
5m6bzbalf20j0qkq4b_3.jpg,0.4199288785457611,0.68302321434021,0.7776210904121399,1.0,0.5713604688644409,0.07877949388830215,0.527003100041565,True,
5m6bzbalf20j0qkq4b_4.jpg,0.3820771276950836,0.6724381446838379,0.7824142575263977,0.4608260691165924,0.5128976702690125,0.14711431430845717,0.3809359088879213,True,
5m6bzbalf20j0qkq4b_5.jpg,0.3702229857444763,0.6695902943611145,0.7724473476409912,0.5152408480644226,0.5425732731819153,0.1121727098949839,0.3893374536420522,True,
5n4gtxysuzazln7ucb_0.jpg,0.38648802042007446,0.6553710103034973,0.7684546113014221,0.19706116616725922,0.7437605261802673,0.15713795153089533,0.3647157942310734,True,
5n4gtxysuzazln7ucb_1.jpg,0.350650817155838,0.6559190154075623,0.757254421710968,0.6146240234375,0.6128126382827759,0.17607087143580988,0.43416049380763544,True,
5n4gtxysuzazln7ucb_2.jpg,0.354377806186676,0.6570674777030945,0.7585387229919434,0.4453761577606201,0.5869419574737549,0.19406643824189881,0.3915779507486224,True,
5n4gtxysuzazln7ucb_3.jpg,0.36148586869239807,0.6565191149711609,0.7599720358848572,0.4367275834083557,0.613388180732727,0.21093256627565313,0.40056609929610426,True,
5n4gtxysuzazln7ucb_4.jpg,0.3805796504020691,0.6605306267738342,0.7617906928062439,0.5016381740570068,0.766276478767395,0.14201094844332268,0.4402699065971194,True,
5n4gtxysuzazln7ucb_5.jpg,0.37383705377578735,0.6741562485694885,0.8012904524803162,0.33983558416366577,0.6201221346855164,0.14899607890646963,0.3696255075808392,True,
5ndn2ii582dr6s3pcj_0.jpg,0.41646257042884827,0.6993474364280701,0.799496054649353,0.49973535537719727,0.6276439428329468,0.10191254326791471,0.4166070357145685,True,
5ndn2ii582dr6s3pcj_1.jpg,0.41418933868408203,0.695885181427002,0.7988341450691223,0.4622555673122406,0.623978316783905,0.10741566990818924,0.40680895770590775,True,
5ndn2ii582dr6s3pcj_2.jpg,0.399440199136734,0.6972283124923706,0.7981215715408325,0.69498211145401,0.6190207004547119,0.078762303258089,0.4531061983039195,True,
5ndn2ii582dr6s3pcj_3.jpg,0.40792837738990784,0.6985998749732971,0.7968360781669617,0.5170209407806396,0.6262902617454529,0.08726209960125456,0.4147406395509692,True,
5ndn2ii582dr6s3pcj_4.jpg,0.41446685791015625,0.696773886680603,0.8001308441162109,0.2999495565891266,0.6337941288948059,0.1014657403652052,0.3671027632678386,True,
5ndn2ii582dr6s3pcj_5.jpg,0.4522417187690735,0.7123769521713257,0.8014872074127197,0.42297905683517456,0.6794072985649109,0.13076443413210587,0.42606371231737267,True,
5nz5vp57kw2df1jvcj_0.jpg,0.3968392014503479,0.6506688594818115,0.7596021890640259,1.0,0.6113470792770386,0.0,0.5111631363630295,True,
5nz5vp57kw2df1jvcj_1.jpg,0.43447381258010864,0.6535745859146118,0.7736720442771912,1.0,0.6475310921669006,0.025072553273134013,0.5365865634910449,True,
5nz5vp57kw2df1jvcj_2.jpg,0.4102177023887634,0.6481975317001343,0.7645811438560486,1.0,0.6335048079490662,0.0015047917635386682,0.5205781157785881,True,
5nz5vp57kw2df1jvcj_3.jpg,0.39529818296432495,0.6502321362495422,0.7593627572059631,0.6462586522102356,0.6117569804191589,0.0,0.4222704231739044,True,
5nz5vp57kw2df1jvcj_4.jpg,0.4575680196285248,0.6618293523788452,0.7704001665115356,1.0,0.6384904980659485,0.0,0.5378469064831733,True,
5nz5vp57kw2df1jvcj_5.jpg,0.3580072820186615,0.6403862833976746,0.7539335489273071,0.5058356523513794,0.6971518993377686,0.0,0.3911918416619301,True,
5o25800ombaljw6s28_0.jpg,0.4288959503173828,0.679191529750824,0.8098421692848206,0.1353471577167511,0.5693223476409912,0.0,0.29781484156847,True,
5o25800ombaljw6s28_1.jpg,0.3933769762516022,0.6700896620750427,0.8095303177833557,0.1762731671333313,0.5582515597343445,0.0,0.2934005454182625,True,
5o25800ombaljw6s28_2.jpg,0.4359000325202942,0.677711546421051,0.8080094456672668,0.4321427047252655,0.5334542989730835,0.04080120395961938,0.37545178814995994,True,
5o25800ombaljw6s28_3.jpg,0.4622572064399719,0.6844051480293274,0.8152700662612915,0.9968858957290649,0.5541703104972839,0.0895809342686642,0.5397617451394461,True,
5o25800ombaljw6s28_4.jpg,0.40232259035110474,0.6748507022857666,0.8020568490028381,0.7019653916358948,0.5366393327713013,0.0,0.4236321210861206,True,
5o25800ombaljw6s28_5.jpg,0.4416179656982422,0.6761500835418701,0.8080036044120789,0.43359375,0.563265323638916,0.010497372000513192,0.3777172646222706,True,
5o2z55hn0j780ur9o8_0.jpg,0.42890772223472595,0.6720244884490967,0.7868305444717407,0.397111177444458,0.6213542819023132,0.06109355832606213,0.38588506518894367,True,
5o2z55hn0j780ur9o8_1.jpg,0.43155235052108765,0.6698096394538879,0.7871527075767517,0.5539879202842712,0.6013872623443604,0.0647046314815308,0.42275868151862667,True,
5o2z55hn0j780ur9o8_2.jpg,0.43801194429397583,0.6741771697998047,0.7883955836296082,0.5904106497764587,0.6240021586418152,0.05479011643383197,0.4366652979621356,True,
5o2z55hn0j780ur9o8_3.jpg,0.4338952898979187,0.6729080080986023,0.7886393666267395,0.7080327868461609,0.6192803978919983,0.06467618298655041,0.46566286435152154,True,
5o2z55hn0j780ur9o8_5.jpg,0.4296322464942932,0.6715089678764343,0.782065749168396,1.0,0.6585896611213684,0.03583817765200964,0.5392568540276782,True,
5o4tvbahdyj7863cf5_0.jpg,0.46020475029945374,0.6930552124977112,0.7927128672599792,0.5872987508773804,0.5741079449653625,0.0,0.42271793931722634,True,
5o4tvbahdyj7863cf5_1.jpg,0.4459593892097473,0.6904181838035583,0.7897376418113708,0.4325462579727173,0.556114137172699,0.0,0.37544517815113065,True,
5o4tvbahdyj7863cf5_2.jpg,0.45453110337257385,0.6923959851264954,0.7928988933563232,0.30988216400146484,0.5555456280708313,0.00370426599723981,0.3484064059943813,True,
5o4tvbahdyj7863cf5_3.jpg,0.4604850709438324,0.6942868232727051,0.791536271572113,0.47579020261764526,0.5672490000724792,0.0,0.3935671254992485,True,
5o4tvbahdyj7863cf5_4.jpg,0.4622361660003662,0.6961010098457336,0.7914822697639465,0.5092126727104187,0.5677213668823242,0.0,0.40263009965419766,True,
5o4tvbahdyj7863cf5_5.jpg,0.4635999798774719,0.6942427158355713,0.7925699353218079,0.9438587427139282,0.5764471292495728,0.0,0.5135141044855117,True,
5oooozidrptzw9po3n_0.jpg,0.4415742754936218,0.6693142056465149,0.7889697551727295,0.48561331629753113,0.7121796011924744,0.0,0.41839024573564526,True,
5oooozidrptzw9po3n_1.jpg,0.4546286463737488,0.6673387885093689,0.7859118580818176,0.6474270224571228,0.6935554146766663,0.02199175463030411,0.46408621570648684,True,
5oooozidrptzw9po3n_2.jpg,0.4490727484226227,0.6711521744728088,0.7879411578178406,0.47072237730026245,0.7212369441986084,0.0,0.41910344511270525,True,
5oooozidrptzw9po3n_3.jpg,0.4462507367134094,0.670626699924469,0.7870686054229736,0.43398720026016235,0.7368737459182739,0.03222751865847187,0.41850481083008306,True,
5oooozidrptzw9po3n_4.jpg,0.45244574546813965,0.6705924868583679,0.7887210249900818,0.3480168282985687,0.7333545088768005,0.0029928905088764148,0.39262969786562646,True,
5oooozidrptzw9po3n_5.jpg,0.435590922832489,0.6722471714019775,0.7869439125061035,0.36327069997787476,0.7282669544219971,0.0,0.3889278888702392,True,
5p9wyjtht9asdkaw43_0.jpg,0.3528488278388977,0.6772136092185974,0.7787948846817017,0.14718246459960938,0.5501708388328552,0.088692340304331,0.28806534172095377,True,
5p9wyjtht9asdkaw43_1.jpg,0.35716357827186584,0.6798243522644043,0.7787500619888306,0.07366430014371872,0.5579778552055359,0.1139979375676915,0.27781848598572817,True,
5p9wyjtht9asdkaw43_2.jpg,0.40272483229637146,0.6841548085212708,0.7797308564186096,0.05455640330910683,0.6143028736114502,0.07805176513823177,0.2930637198809431,True,
5p9wyjtht9asdkaw43_3.jpg,0.3699662685394287,0.6800090074539185,0.7757664322853088,0.10526373237371445,0.554759681224823,0.1029253286584888,0.28734112905889103,True,
5p9wyjtht9asdkaw43_4.jpg,0.3610468804836273,0.6786673665046692,0.7766056656837463,0.1780322790145874,0.5955771207809448,0.08571349470285405,0.30713260101967615,True,
5p9wyjtht9asdkaw43_5.jpg,0.3587377965450287,0.6884419918060303,0.7809893488883972,0.12500646710395813,0.5788913369178772,0.0822268086345283,0.2890334746772307,True,
5pstls8j8nw53d8req_0.jpg,0.4988023638725281,0.6974784731864929,0.7917199730873108,0.14643265306949615,0.6308152079582214,0.0950046989754201,0.3563529720094871,True,
5pstls8j8nw53d8req_1.jpg,0.53635573387146,0.7112691402435303,0.7977904677391052,0.3125724196434021,0.6774462461471558,0.05480226140721364,0.4123173132767354,True,
5pstls8j8nw53d8req_2.jpg,0.49603286385536194,0.6966041326522827,0.7905608415603638,0.1258246898651123,0.6504438519477844,0.08829222050315325,0.35281488930584226,True,
5pstls8j8nw53d8req_3.jpg,0.5039024353027344,0.6975566148757935,0.7884125113487244,0.08345425128936768,0.6692886352539062,0.10958532720061959,0.3530042076692041,True,
5pstls8j8nw53d8req_4.jpg,0.511420726776123,0.6987224817276001,0.7934402227401733,0.1358651965856552,0.6526459455490112,0.1024680532878866,0.36398635328543644,True,
5pstls8j8nw53d8req_5.jpg,0.5062333941459656,0.6965955495834351,0.7925682663917542,0.29244494438171387,0.63150554895401,0.06337605900399818,0.389269245638118,True,
5q05qfo8wl6cx2lhgs_0.jpg,0.3960002064704895,0.686312735080719,0.7832026481628418,0.30716070532798767,0.8344425559043884,0.11885279303159313,0.4060493183838645,True,
5q05qfo8wl6cx2lhgs_1.jpg,0.4097785949707031,0.6938479542732239,0.7874224185943604,0.11167073249816895,0.8476848006248474,0.08691837044597127,0.35826082557845207,True,
5q05qfo8wl6cx2lhgs_2.jpg,0.41865864396095276,0.6902973055839539,0.7895143032073975,0.12329498678445816,0.7588566541671753,0.19106669646361957,0.367338942208607,True,
5q05qfo8wl6cx2lhgs_3.jpg,0.3892180025577545,0.6807875037193298,0.7845224142074585,0.18832820653915405,0.8371263742446899,0.11410349187647742,0.373554325754236,True,
5q05qfo8wl6cx2lhgs_4.jpg,0.37418705224990845,0.6810921430587769,0.7860942482948303,0.12127585709095001,0.8338926434516907,0.09540278306765287,0.34714351786407416,True,
5q05qfo8wl6cx2lhgs_5.jpg,0.37673935294151306,0.6830142736434937,0.7827881574630737,0.4267672002315521,0.8200237154960632,0.06669141118123163,0.4158935989228766,True,
5q6xvylwyg76201hf1_0.jpg,0.4796721339225769,0.6944506168365479,0.7908841371536255,0.1921650916337967,0.728590190410614,0.2067847272742119,0.40300150331831625,True,
5q6xvylwyg76201hf1_1.jpg,0.4716716706752777,0.6935079097747803,0.7894002795219421,0.08468743413686752,0.707270085811615,0.2270129624568352,0.3731135529242541,True,
5q6xvylwyg76201hf1_2.jpg,0.47616249322891235,0.6949589252471924,0.7898457646369934,0.24589884281158447,0.7318913340568542,0.20580307431161188,0.4156704650067087,True,
5q6xvylwyg76201hf1_3.jpg,0.47017478942871094,0.6962122321128845,0.7889969348907471,0.44690561294555664,0.7423689365386963,0.2255575537389698,0.46987287759197127,True,
5q6xvylwyg76201hf1_4.jpg,0.4693504869937897,0.6865981221199036,0.7865484356880188,0.061286043375730515,0.7009986639022827,0.19065854461071122,0.3579256229943578,True,
5q6xvylwyg76201hf1_5.jpg,0.4842888414859772,0.6952457427978516,0.7910255789756775,0.2376805692911148,0.7318175435066223,0.19906426978909736,0.41509759950201464,True,
5qmitq1arfkomm76a1_0.jpg,0.557767391204834,0.7085596323013306,0.8000608682632446,1.0,0.6660807728767395,0.06926204737690742,0.5922871509724214,True,
5qmitq1arfkomm76a1_1.jpg,0.5661818981170654,0.7046080231666565,0.795415997505188,0.8907381296157837,0.6539594531059265,0.07332610674195769,0.5663053087144957,True,
5qmitq1arfkomm76a1_2.jpg,0.56758713722229,0.7104483246803284,0.8002482056617737,1.0,0.6731576323509216,0.07543133807186118,0.598373292112358,True,
5qmitq1arfkomm76a1_3.jpg,0.5572530031204224,0.7072031497955322,0.799752950668335,1.0,0.6626819372177124,0.07572819179365664,0.5927205768944216,True,
5qmitq1arfkomm76a1_4.jpg,0.5731719136238098,0.7125679850578308,0.8007492423057556,1.0,0.6822541952133179,0.07678894601138793,0.6024187980132747,True,
5qmitq1arfkomm76a1_5.jpg,0.5724931955337524,0.7106359004974365,0.8028416037559509,1.0,0.678571343421936,0.07653820066189834,0.6013945272535801,True,
5qoz8fxu9do3oszcj8_0.jpg,0.3138113021850586,0.6580207943916321,0.7701272368431091,0.08153611421585083,0.6553729176521301,0.16204838802876773,0.29370224545491275,True,
5qoz8fxu9do3oszcj8_1.jpg,0.30483272671699524,0.6573911309242249,0.769860565662384,0.055375222116708755,0.6566330194473267,0.1468182014548592,0.2812255040605627,True,
5qoz8fxu9do3oszcj8_2.jpg,0.3106487989425659,0.6616635918617249,0.7698913216590881,0.01356833428144455,0.6506946086883545,0.14850579447632628,0.27195924383319536,True,
5qoz8fxu9do3oszcj8_3.jpg,0.318198025226593,0.662294864654541,0.7707027792930603,0.0,0.6540456414222717,0.15418888182092624,0.27301621347794713,True,
5qoz8fxu9do3oszcj8_4.jpg,0.32591211795806885,0.6623918414115906,0.7692579627037048,0.1030769869685173,0.6489081382751465,0.14839461400643053,0.29929903848376876,True,
5qoz8fxu9do3oszcj8_5.jpg,0.3907947540283203,0.6803547739982605,0.7898561358451843,0.5382043719291687,0.6208603978157043,0.042727471060331146,0.40404683066741137,True,
5qvzm6ynzzmalpmepb_0.jpg,0.49725326895713806,0.6582303643226624,0.7767347097396851,0.8251413106918335,0.6036927103996277,0.0868194777524869,0.5184264094383796,True,
5qvzm6ynzzmalpmepb_1.jpg,0.49027833342552185,0.657538890838623,0.775745689868927,0.5151458382606506,0.5944374799728394,0.08199375076793668,0.4356701224122505,True,
5qvzm6ynzzmalpmepb_2.jpg,0.5743831396102905,0.6642191410064697,0.7874815464019775,0.33433258533477783,0.6384809017181396,0.06418876534037234,0.42515117860899854,True,
5qvzm6ynzzmalpmepb_3.jpg,0.47812598943710327,0.654076337814331,0.7748075723648071,0.5667330026626587,0.604701578617096,0.09042179320907857,0.4480520213338857,True,
77pm0v2l3xsyokx4ep_5.jpg,0.33497855067253113,0.6408959031105042,0.756096363067627,0.05150558426976204,0.7475652098655701,0.24868486173305582,0.32936890312255157,True,
77s7vrrfhazmibhvxg_0.jpg,0.2358996868133545,0.62606281042099,0.7438544631004333,0.0,0.607045590877533,0.24196985339251392,0.2523679792386835,True,
77s7vrrfhazmibhvxg_1.jpg,0.2319493293762207,0.622334361076355,0.7460501194000244,0.1347907930612564,0.7508826851844788,0.21785085326014092,0.30862667123591525,True,
77s7vrrfhazmibhvxg_2.jpg,0.27270764112472534,0.6342032551765442,0.7386345267295837,0.23575954139232635,0.7362579107284546,0.19787544062666587,0.3412142300127595,True,
77s7vrrfhazmibhvxg_3.jpg,0.20512957870960236,0.6316417455673218,0.7481788992881775,0.0638316348195076,0.7482457756996155,0.20408765649545468,0.2782199476922518,True,
77s7vrrfhazmibhvxg_4.jpg,0.2274683713912964,0.6303392648696899,0.748429000377655,0.0,0.7492696642875671,0.20402940740697428,0.27027374432586204,True,
77s7vrrfhazmibhvxg_5.jpg,0.41757282614707947,0.6828226447105408,0.7910342812538147,0.43991586565971375,0.5580860376358032,0.0919903047366813,0.3861447240409031,True,
78czsn72ibe3jlfghc_0.jpg,0.4844178259372711,0.6750996112823486,0.7882691621780396,0.41018882393836975,0.5668941140174866,0.052044020844235074,0.3958810720349817,True,
78czsn72ibe3jlfghc_1.jpg,0.4831966459751129,0.6677341461181641,0.7860868573188782,0.9393047094345093,0.5408525466918945,0.01852087438217761,0.5158196876647312,True,
78czsn72ibe3jlfghc_2.jpg,0.5043947696685791,0.6817228198051453,0.7880175113677979,0.36884185671806335,0.5731360912322998,0.0737500448590084,0.39812586078178014,True,
78czsn72ibe3jlfghc_3.jpg,0.4934181272983551,0.6734705567359924,0.7832520604133606,0.4788128733634949,0.5877810120582581,0.04122065481441553,0.4181998962698327,True,
78czsn72ibe3jlfghc_4.jpg,0.46297377347946167,0.6715724468231201,0.7826677560806274,0.6852698922157288,0.5545238256454468,0.09334310380010197,0.4629316796608535,True,
78czsn72ibe3jlfghc_5.jpg,0.45136022567749023,0.6542659997940063,0.7696870565414429,1.0,0.6318598985671997,0.0,0.5343480587005616,True,
78tk87458zwsmxaoi7_0.jpg,0.49832573533058167,0.7059780359268188,0.7974957227706909,0.9469901919364929,0.6368244886398315,0.07224368391765522,0.5529751898613242,True,
78tk87458zwsmxaoi7_1.jpg,0.4783385396003723,0.6910963654518127,0.7891225814819336,0.5887873768806458,0.5415089130401611,0.03715747342603207,0.43034861037353045,True,
78tk87458zwsmxaoi7_2.jpg,0.4236176908016205,0.6832212805747986,0.7744044065475464,1.0,0.7155383229255676,0.13186741396735313,0.5677473391591513,True,
78tk87458zwsmxaoi7_3.jpg,0.4716029167175293,0.7022587656974792,0.7905458807945251,1.0,0.6375239491462708,0.08560427861124968,0.5596866664026394,True,
78tk87458zwsmxaoi7_4.jpg,0.4250827729701996,0.6878021955490112,0.7887609601020813,0.722900390625,0.6670454740524292,0.0,0.4629131630063057,True,
78tk87458zwsmxaoi7_5.jpg,0.5263059735298157,0.7113829851150513,0.8027950525283813,0.5710148215293884,0.6813779473304749,0.0,0.4632363855838776,True,
80emxpn34p21g7tiex_0.jpg,0.2710800766944885,0.6213741302490234,0.7634486556053162,0.32387158274650574,0.740646243095398,0.1424918480896096,0.3524735407666989,True,
80emxpn34p21g7tiex_1.jpg,0.26298874616622925,0.612912654876709,0.7578198313713074,0.07446178793907166,0.7511475086212158,0.10400744566723212,0.28169249900063775,True,
80emxpn34p21g7tiex_2.jpg,0.31888124346733093,0.6207835078239441,0.7661594152450562,0.027332371100783348,0.7545446157455444,0.13644686008103968,0.2966398231540785,True,
80emxpn34p21g7tiex_3.jpg,0.2920446991920471,0.6226226687431335,0.7703991532325745,0.2254381626844406,0.7360713481903076,0.11563925583163559,0.3289173061927153,True,
80emxpn34p21g7tiex_4.jpg,0.2698500156402588,0.6130713224411011,0.7592393159866333,0.01582605391740799,0.7377955317497253,0.13068453197377786,0.27210003169814323,True,
80emxpn34p21g7tiex_5.jpg,0.40207773447036743,0.6612042784690857,0.7717787027359009,0.6335502862930298,0.5885095000267029,0.1322306808033261,0.44326281480389185,True,
81kp4gtz6ur7sujn26_0.jpg,0.32036903500556946,0.6776679754257202,0.7777562141418457,0.1358882635831833,0.5676359534263611,0.06146745263916066,0.2719219093608495,True,
81kp4gtz6ur7sujn26_1.jpg,0.38606566190719604,0.6954528093338013,0.7861445546150208,0.16360394656658173,0.6039696931838989,0.06961313314560597,0.310740533575065,True,
81kp4gtz6ur7sujn26_2.jpg,0.32456424832344055,0.6798726916313171,0.7800571918487549,0.1574353128671646,0.5554695129394531,0.09777411498649273,0.28360504071518455,True,
81kp4gtz6ur7sujn26_3.jpg,0.3407173752784729,0.6836143732070923,0.7809755206108093,0.21364925801753998,0.5772678852081299,0.12905397364613627,0.31392776762270375,True,
81kp4gtz6ur7sujn26_4.jpg,0.4013042449951172,0.6927913427352905,0.785686731338501,0.8085358142852783,0.6148303151130676,0.0780011831907633,0.4811567389803768,True,
81kp4gtz6ur7sujn26_5.jpg,0.3604755997657776,0.6889594197273254,0.7821574211120605,0.2036508470773697,0.6260213255882263,0.10721974717964186,0.32372738624093816,True,
81wpqogown05tijg3e_0.jpg,0.2710416316986084,0.6461326479911804,0.7731468677520752,0.0,0.7172054648399353,0.124277395012591,0.2631611430650182,True,
81wpqogown05tijg3e_1.jpg,0.26443493366241455,0.6350831389427185,0.7713168859481812,0.048587772995233536,0.6835256814956665,0.0,0.24140430632978677,True,
81wpqogown05tijg3e_2.jpg,0.1890346109867096,0.6163675785064697,0.764305591583252,0.0,0.6133192181587219,0.08618812013878949,0.20606358150485063,True,
81wpqogown05tijg3e_3.jpg,0.24079735577106476,0.6346099972724915,0.7643117308616638,0.0,0.731388509273529,0.13753517443326468,0.2580638112612314,True,
81wpqogown05tijg3e_4.jpg,0.20420236885547638,0.6230928897857666,0.7701488733291626,0.0,0.6251252889633179,0.12666484493489846,0.22182885587906,True,
81wpqogown05tijg3e_5.jpg,0.3013090491294861,0.6571252942085266,0.7873151302337646,0.0380178838968277,0.7689076662063599,0.1543027197159514,0.2996047153539893,True,
82w4z4fyy2glsd1g81_1.jpg,0.18175899982452393,0.6148868799209595,0.7633785009384155,0.17325761914253235,0.7057858109474182,0.0,0.24808721691370011,True,
82w4z4fyy2glsd1g81_3.jpg,0.645635187625885,0.7155809998512268,0.823508620262146,1.0,0.5799229741096497,0.0,0.5919569104909896,True,
82w4z4fyy2glsd1g81_4.jpg,0.16370390355587006,0.4934455454349518,0.7088583111763,0.0,0.513407289981842,0.0489237524464738,0.1697625747302177,True,
82w4z4fyy2glsd1g81_5.jpg,0.18931709229946136,0.6279160380363464,0.7651388049125671,0.14239181578159332,0.6799370050430298,0.056359651298033844,0.24911826751842253,True,
83bxqrhn3n40lcb3ew_0.jpg,0.3255271315574646,0.6681095361709595,0.7769134044647217,0.6200091242790222,0.5799700617790222,0.0,0.3849307894706726,True,
83bxqrhn3n40lcb3ew_1.jpg,0.3040880560874939,0.6661704182624817,0.7738394737243652,0.7789037823677063,0.5563561320304871,0.0,0.41242799162864685,True,
83bxqrhn3n40lcb3ew_2.jpg,0.3050078749656677,0.6643103957176208,0.7751210331916809,0.1669870913028717,0.5687926411628723,0.0,0.2622580572962761,True,
83bxqrhn3n40lcb3ew_3.jpg,0.28059011697769165,0.6621301770210266,0.768685519695282,0.6218501925468445,0.5498741865158081,0.0,0.3636439263820648,True,
83bxqrhn3n40lcb3ew_4.jpg,0.32157090306282043,0.6651175618171692,0.773082435131073,1.0,0.6196313500404358,0.0,0.4864760860800743,True,
83bxqrhn3n40lcb3ew_5.jpg,0.3645135760307312,0.6783422231674194,0.7776196599006653,0.7326699495315552,0.6545714139938354,0.0,0.4416615217924118,True,
84cckxtj6hiuogr3rf_2.jpg,0.4087676405906677,0.6770311594009399,0.8033026456832886,0.5639786124229431,0.8304531574249268,0.0,0.45015395879745485,True,
84cckxtj6hiuogr3rf_3.jpg,0.4488251805305481,0.6916478872299194,0.8057056665420532,1.0,0.8309049010276794,0.015506530775665363,0.5763710995463607,True,
84cckxtj6hiuogr3rf_4.jpg,0.5167337656021118,0.6964015364646912,0.8072501420974731,0.599891722202301,0.864403486251831,0.0,0.5037104457616807,True,
84cckxtj6hiuogr3rf_5.jpg,0.4522824287414551,0.693693995475769,0.8079696893692017,1.0,0.8427255749702454,0.019478198159032435,0.5807396046853649,True,
84crzc802mplw3tmkv_0.jpg,0.573157012462616,0.7320381999015808,0.8194608092308044,0.2473946362733841,0.6057032942771912,0.12618014666175836,0.40883030161805156,True,
84crzc802mplw3tmkv_1.jpg,0.5950497984886169,0.7386921644210815,0.8199372887611389,0.7420904636383057,0.5878440141677856,0.07636664223517892,0.5266321766611853,True,
84crzc802mplw3tmkv_2.jpg,0.5235711932182312,0.719276487827301,0.8153009414672852,1.0,0.6585053205490112,0.017705648863918955,0.5684921115089668,True,
84crzc802mplw3tmkv_3.jpg,0.5616404414176941,0.7315539717674255,0.8194428086280823,0.26078444719314575,0.6089833974838257,0.12418169209335879,0.4084032842099163,True,
84crzc802mplw3tmkv_4.jpg,0.5720754861831665,0.7320502400398254,0.8131603002548218,0.17664586007595062,0.6182674169540405,0.09708274400362571,0.38745791737462915,True,
84crzc802mplw3tmkv_5.jpg,0.6165240406990051,0.7376444339752197,0.8251977562904358,0.3702685534954071,0.6299023032188416,0.12383349355123749,0.45909771197251936,True,
84hcw9hll7plr5vvky_0.jpg,0.26827219128608704,0.6224168539047241,0.7568421959877014,0.5956029295921326,0.5911967158317566,0.10615518203757714,0.38226637892203036,True,
84hcw9hll7plr5vvky_1.jpg,0.21117833256721497,0.5951666831970215,0.7490778565406799,0.0,0.6204831004142761,0.17172525452035237,0.23235408738545094,True,
84hcw9hll7plr5vvky_2.jpg,0.30307719111442566,0.6382195949554443,0.7584253549575806,0.08062722533941269,0.6822980642318726,0.06103213032827179,0.274899862136931,True,
84hcw9hll7plr5vvky_3.jpg,0.19789189100265503,0.6030812859535217,0.749527633190155,0.40210726857185364,0.5736470222473145,0.14316990072248414,0.31315236358785237,True,
84hcw9hll7plr5vvky_4.jpg,0.25381502509117126,0.6216153502464294,0.7621328830718994,0.0,0.5582695603370667,0.1383484075297024,0.22815885235526376,True,
84hcw9hll7plr5vvky_5.jpg,0.3744620084762573,0.6386289000511169,0.7652972340583801,0.08419238775968552,0.6163421273231506,0.054428851961211916,0.28626399576348394,True,
84y52i1q3ow8y1pwxx_0.jpg,0.3063536286354065,0.6865569353103638,0.7814016342163086,0.24813015758991241,0.5227339863777161,0.019367156863453756,0.27767653806810433,True,
84y52i1q3ow8y1pwxx_1.jpg,0.261164128780365,0.6704064011573792,0.7773536443710327,0.059709060937166214,0.5266831517219543,0.0,0.21167134065181017,True,
84y52i1q3ow8y1pwxx_2.jpg,0.28767746686935425,0.6844304800033569,0.7792640924453735,0.02150077372789383,0.5647001266479492,0.018137810977252665,0.22262989436128786,True,
84y52i1q3ow8y1pwxx_3.jpg,0.27854853868484497,0.6790187954902649,0.7746537923812866,0.07868894189596176,0.5855738520622253,0.06907295450186464,0.2480935853265042,True,
84y52i1q3ow8y1pwxx_4.jpg,0.33427542448043823,0.6926228404045105,0.7806844711303711,0.1991119086742401,0.5315775275230408,0.038540399768601116,0.2807979611950418,True,
84y52i1q3ow8y1pwxx_5.jpg,0.3776441216468811,0.7001451253890991,0.7838706374168396,0.14918340742588043,0.5850865244865417,0.0,0.28648859933018683,True,
84ylr78s2vu1x66mau_0.jpg,0.3409494161605835,0.6795079708099365,0.7888816595077515,0.25542670488357544,0.6727251410484314,0.0,0.3177340000867844,True,
84ylr78s2vu1x66mau_1.jpg,0.28609204292297363,0.6729698181152344,0.7803714275360107,0.025035742670297623,0.5774534344673157,0.0,0.2218818375840783,True,
84ylr78s2vu1x66mau_2.jpg,0.2383175790309906,0.6534969210624695,0.779110848903656,0.11305339634418488,0.6692580580711365,0.0,0.2455261133611202,True,
test_compressed_fake.jpg,0.5494223833084106,0.4349895417690277,0.7143282294273376,1.0,0.5679928064346313,0.05728149766009662,0.5673526949768893,True,
test_fake_diffusion.jpg,1.0,0.6395410299301147,0.860852837562561,1.0,0.5920495986938477,0.0,0.7184099197387696,True,
test_fake_faceswap.jpg,1.0,0.6213262677192688,0.8231632113456726,1.0,0.8930395245552063,0.0,0.7786079049110413,True,
test_fake_stylegan2.jpg,0.6162004470825195,0.399774968624115,0.6516364216804504,0.5396647453308105,0.5550993084907532,0.02005031396375069,0.46561626730248523,True,
test_no_face.jpg,0.39163070917129517,0.0,1.0,0.0,0.0,0.32480969067146787,0.20203268634424687,True,
test_real_ffhq.jpg,0.4757997989654541,0.36181867122650146,0.6279353499412537,1.0,0.583990752696991,0.03191758102002726,0.5397115963813126,True,
